Position,Name + ID,Name,ID,Roster Position,Salary,Game Info,TeamAbbrev,AvgPointsPerGame
RB,Alvin Kamara (11244844),Alvin Kamara,11244844,RB/FLEX,9500,CLE@NO 09/16/2018 01:00PM ET,NO,46.1
RB,Todd Gurley II (11244710),Todd Gurley II,11244710,RB/FLEX,9200,ARI@LAR 09/16/2018 04:05PM ET,LAR,26.7
RB,Le'Veon Bell (11244461),Le'Veon Bell,11244461,RB/FLEX,9000,KC@PIT 09/16/2018 01:00PM ET,PIT,0
WR,Antonio Brown (11244337),Antonio Brown,11244337,WR/FLEX,8800,KC@PIT 09/16/2018 01:00PM ET,PIT,24.3
WR,Michael Thomas (11244665),Michael Thomas,11244665,WR/FLEX,8600,CLE@NO 09/16/2018 01:00PM ET,NO,42
WR,Odell Beckham Jr. (11245081),Odell Beckham Jr.,11245081,WR/FLEX,8500,NYG@DAL 09/16/2018 08:20PM ET,NYG,25
WR,Julio Jones (11244347),Julio Jones,11244347,WR/FLEX,8400,CAR@ATL 09/16/2018 01:00PM ET,ATL,31
RB,David Johnson (11244478),David Johnson,11244478,RB/FLEX,8200,ARI@LAR 09/16/2018 04:05PM ET,ARI,17.7
WR,DeAndre Hopkins (11244522),DeAndre Hopkins,11244522,WR/FLEX,8000,HOU@TEN 09/16/2018 01:00PM ET,HOU,15.1
WR,Keenan Allen (11244501),Keenan Allen,11244501,WR/FLEX,7800,LAC@BUF 09/16/2018 01:00PM ET,LAC,27.8
WR,Tyreek Hill (11244896),Tyreek Hill,11244896,WR/FLEX,7600,KC@PIT 09/16/2018 01:00PM ET,KC,45.3
RB,Ezekiel Elliott (11245033),Ezekiel Elliott,11245033,RB/FLEX,7600,NYG@DAL 09/16/2018 08:20PM ET,DAL,17.6
RB,Melvin Gordon III (11244606),Melvin Gordon III,11244606,RB/FLEX,7400,LAC@BUF 09/16/2018 01:00PM ET,LAC,30.6
WR,Mike Evans (11244553),Mike Evans,11244553,WR/FLEX,7300,PHI@TB 09/16/2018 01:00PM ET,TB,30.7
RB,Saquon Barkley (11245035),Saquon Barkley,11245035,RB/FLEX,7300,NYG@DAL 09/16/2018 08:20PM ET,NYG,23.8
QB,Drew Brees (11244203),Drew Brees,11244203,QB,7200,CLE@NO 09/16/2018 01:00PM ET,NO,34.56
WR,Adam Thielen (11244768),Adam Thielen,11244768,WR/FLEX,7100,MIN@GB 09/16/2018 01:00PM ET,MIN,19.2
RB,Christian McCaffrey (11244906),Christian McCaffrey,11244906,RB/FLEX,7000,CAR@ATL 09/16/2018 01:00PM ET,CAR,14.5
TE,Rob Gronkowski (11244297),Rob Gronkowski,11244297,TE/FLEX,7000,NE@JAX 09/16/2018 04:25PM ET,NE,27.3
QB,Ben Roethlisberger (11244232),Ben Roethlisberger,11244232,QB,6900,KC@PIT 09/16/2018 01:00PM ET,PIT,17
WR,Stefon Diggs (11244704),Stefon Diggs,11244704,WR/FLEX,6900,MIN@GB 09/16/2018 01:00PM ET,MIN,14.1
WR,A.J. Green (11245083),A.J. Green,11245083,WR/FLEX,6800,BAL@CIN 09/13/2018 08:20PM ET,CIN,20.2
QB,Aaron Rodgers (11244211),Aaron Rodgers,11244211,QB,6800,MIN@GB 09/16/2018 01:00PM ET,GB,24.94
WR,Davante Adams (11244638),Davante Adams,11244638,WR/FLEX,6800,MIN@GB 09/16/2018 01:00PM ET,GB,19.8
RB,Leonard Fournette (11244876),Leonard Fournette,11244876,RB/FLEX,6800,NE@JAX 09/16/2018 04:25PM ET,JAX,8.5
WR,T.Y. Hilton (11244385),T.Y. Hilton,11244385,WR/FLEX,6700,IND@WAS 09/16/2018 01:00PM ET,IND,15.6
RB,James Conner (11244798),James Conner,11244798,RB/FLEX,6700,KC@PIT 09/16/2018 01:00PM ET,PIT,38.2
QB,Philip Rivers (11244231),Philip Rivers,11244231,QB,6700,LAC@BUF 09/16/2018 01:00PM ET,LAC,32.96
QB,Cam Newton (11244295),Cam Newton,11244295,QB,6600,CAR@ATL 09/16/2018 01:00PM ET,CAR,18.24
WR,Amari Cooper (11244653),Amari Cooper,11244653,WR/FLEX,6600,OAK@DEN 09/16/2018 04:25PM ET,OAK,2.8
RB,Dalvin Cook (11244899),Dalvin Cook,11244899,RB/FLEX,6500,MIN@GB 09/16/2018 01:00PM ET,MIN,14.5
WR,Golden Tate (11244319),Golden Tate,11244319,WR/FLEX,6500,DET@SF 09/16/2018 04:05PM ET,DET,20.9
QB,Tom Brady (11244202),Tom Brady,11244202,QB,6500,NE@JAX 09/16/2018 04:25PM ET,NE,22.28
RB,Joe Mixon (11245037),Joe Mixon,11245037,RB/FLEX,6400,BAL@CIN 09/13/2018 08:20PM ET,CIN,25.9
QB,Carson Wentz (11244644),Carson Wentz,11244644,QB,6400,PHI@TB 09/16/2018 01:00PM ET,PHI,0
WR,JuJu Smith-Schuster (11244940),JuJu Smith-Schuster,11244940,WR/FLEX,6400,KC@PIT 09/16/2018 01:00PM ET,PIT,19.9
QB,Kirk Cousins (11244334),Kirk Cousins,11244334,QB,6400,MIN@GB 09/16/2018 01:00PM ET,MIN,20.36
QB,Deshaun Watson (11244903),Deshaun Watson,11244903,QB,6300,HOU@TEN 09/16/2018 01:00PM ET,HOU,13.04
RB,Jay Ajayi (11244537),Jay Ajayi,11244537,RB/FLEX,6300,PHI@TB 09/16/2018 01:00PM ET,PHI,20.2
WR,Jarvis Landry (11244533),Jarvis Landry,11244533,WR/FLEX,6300,CLE@NO 09/16/2018 01:00PM ET,CLE,20.6
QB,Jared Goff (11244749),Jared Goff,11244749,QB,6300,ARI@LAR 09/16/2018 04:05PM ET,LAR,17.22
QB,Andrew Luck (11244357),Andrew Luck,11244357,QB,6200,IND@WAS 09/16/2018 01:00PM ET,IND,23.46
RB,Kareem Hunt (11244818),Kareem Hunt,11244818,RB/FLEX,6200,KC@PIT 09/16/2018 01:00PM ET,KC,4.9
WR,Marvin Jones Jr. (11244358),Marvin Jones Jr.,11244358,WR/FLEX,6200,DET@SF 09/16/2018 04:05PM ET,DET,9.4
WR,Emmanuel Sanders (11244267),Emmanuel Sanders,11244267,WR/FLEX,6200,OAK@DEN 09/16/2018 04:25PM ET,DEN,32.5
TE,Zach Ertz (11244415),Zach Ertz,11244415,TE/FLEX,6100,PHI@TB 09/16/2018 01:00PM ET,PHI,9.8
WR,Nelson Agholor (11244683),Nelson Agholor,11244683,WR/FLEX,6100,PHI@TB 09/16/2018 01:00PM ET,PHI,13.5
QB,Patrick Mahomes (11244958),Patrick Mahomes,11244958,QB,6100,KC@PIT 09/16/2018 01:00PM ET,KC,28.34
QB,Matthew Stafford (11244264),Matthew Stafford,11244264,QB,6100,DET@SF 09/16/2018 04:05PM ET,DET,12.04
WR,Brandin Cooks (11244630),Brandin Cooks,11244630,WR/FLEX,6100,ARI@LAR 09/16/2018 04:05PM ET,LAR,14.3
RB,Devonta Freeman (11244545),Devonta Freeman,11244545,RB/FLEX,6000,CAR@ATL 09/16/2018 01:00PM ET,ATL,8
QB,Alex Smith (11244218),Alex Smith,11244218,QB,6000,IND@WAS 09/16/2018 01:00PM ET,WAS,19.6
QB,Jimmy Garoppolo (11244490),Jimmy Garoppolo,11244490,QB,6000,DET@SF 09/16/2018 04:05PM ET,SF,12.04
WR,Larry Fitzgerald (11244229),Larry Fitzgerald,11244229,WR/FLEX,6000,ARI@LAR 09/16/2018 04:05PM ET,ARI,14.6
WR,Julian Edelman (11244284),Julian Edelman,11244284,WR/FLEX,6000,NE@JAX 09/16/2018 04:25PM ET,NE,0
QB,Russell Wilson (11245017),Russell Wilson,11245017,QB,6000,SEA@CHI 09/17/2018 08:15PM ET,SEA,22.42
RB,Chris Thompson (11244443),Chris Thompson,11244443,RB/FLEX,5900,IND@WAS 09/16/2018 01:00PM ET,WAS,24.8
WR,Alshon Jeffery (11244424),Alshon Jeffery,11244424,WR/FLEX,5900,PHI@TB 09/16/2018 01:00PM ET,PHI,0
TE,Travis Kelce (11244341),Travis Kelce,11244341,TE/FLEX,5900,KC@PIT 09/16/2018 01:00PM ET,KC,1.6
QB,Tyrod Taylor (11244314),Tyrod Taylor,11244314,QB,5900,CLE@NO 09/16/2018 01:00PM ET,CLE,24.58
WR,Robert Woods (11244493),Robert Woods,11244493,WR/FLEX,5900,ARI@LAR 09/16/2018 04:05PM ET,LAR,7.3
RB,Jordan Howard (11245039),Jordan Howard,11245039,RB/FLEX,5900,SEA@CHI 09/17/2018 08:15PM ET,CHI,15.7
RB,Alex Collins (11245041),Alex Collins,11245041,RB/FLEX,5800,BAL@CIN 09/13/2018 08:20PM ET,BAL,7.9
RB,Kenyan Drake (11244708),Kenyan Drake,11244708,RB/FLEX,5800,MIA@NYJ 09/16/2018 01:00PM ET,MIA,9.6
WR,Josh Gordon (11244422),Josh Gordon,11244422,WR/FLEX,5800,CLE@NO 09/16/2018 01:00PM ET,CLE,8.7
QB,Case Keenum (11244290),Case Keenum,11244290,QB,5800,OAK@DEN 09/16/2018 04:25PM ET,DEN,25.16
QB,Matt Ryan (11244217),Matt Ryan,11244217,QB,5700,CAR@ATL 09/16/2018 01:00PM ET,ATL,9.84
QB,Nick Foles (11244333),Nick Foles,11244333,QB,5700,PHI@TB 09/16/2018 01:00PM ET,PHI,6.08
WR,Kenny Stills (11244459),Kenny Stills,11244459,WR/FLEX,5700,MIA@NYJ 09/16/2018 01:00PM ET,MIA,29.6
RB,LeSean McCoy (11244310),LeSean McCoy,11244310,RB/FLEX,5700,LAC@BUF 09/16/2018 01:00PM ET,BUF,3.1
RB,Mark Ingram (11244345),Mark Ingram,11244345,RB/FLEX,5700,CLE@NO 09/16/2018 01:00PM ET,NO,0
WR,Doug Baldwin (11245085),Doug Baldwin,11245085,WR/FLEX,5700,SEA@CHI 09/17/2018 08:15PM ET,SEA,0
TE,Greg Olsen (11244223),Greg Olsen,11244223,TE/FLEX,5600,CAR@ATL 09/16/2018 01:00PM ET,CAR,5.3
QB,Marcus Mariota (11244627),Marcus Mariota,11244627,QB,5600,HOU@TEN 09/16/2018 01:00PM ET,TEN,3.62
RB,T.J. Yeldon (11244658),T.J. Yeldon,11244658,RB/FLEX,5600,NE@JAX 09/16/2018 04:25PM ET,JAX,15.9
WR,Demaryius Thomas (11244288),Demaryius Thomas,11244288,WR/FLEX,5600,OAK@DEN 09/16/2018 04:25PM ET,DEN,18.3
QB,Dak Prescott (11245018),Dak Prescott,11245018,QB,5600,NYG@DAL 09/16/2018 08:20PM ET,DAL,9.7
WR,Allen Robinson II (11245087),Allen Robinson II,11245087,WR/FLEX,5600,SEA@CHI 09/17/2018 08:15PM ET,CHI,10.1
WR,Michael Crabtree (11245089),Michael Crabtree,11245089,WR/FLEX,5500,BAL@CIN 09/13/2018 08:20PM ET,BAL,12.8
RB,Adrian Peterson (11244244),Adrian Peterson,11244244,RB/FLEX,5500,IND@WAS 09/16/2018 01:00PM ET,WAS,23.6
QB,Ryan Fitzpatrick (11244208),Ryan Fitzpatrick,11244208,QB,5500,PHI@TB 09/16/2018 01:00PM ET,TB,45.28
WR,Cooper Kupp (11244733),Cooper Kupp,11244733,WR/FLEX,5500,ARI@LAR 09/16/2018 04:05PM ET,LAR,17.8
QB,Derek Carr (11244401),Derek Carr,11244401,QB,5500,OAK@DEN 09/16/2018 04:25PM ET,OAK,12.22
QB,Eli Manning (11245019),Eli Manning,11245019,QB,5500,NYG@DAL 09/16/2018 08:20PM ET,NYG,8.16
QB,Andy Dalton (11245020),Andy Dalton,11245020,QB,5400,BAL@CIN 09/13/2018 08:20PM ET,CIN,17.52
RB,Lamar Miller (11244439),Lamar Miller,11244439,RB/FLEX,5400,HOU@TEN 09/16/2018 01:00PM ET,HOU,11.9
WR,Robby Anderson (11244636),Robby Anderson,11244636,WR/FLEX,5400,MIA@NYJ 09/16/2018 01:00PM ET,NYJ,10.2
QB,Blake Bortles (11244526),Blake Bortles,11244526,QB,5400,NE@JAX 09/16/2018 04:25PM ET,JAX,14.24
WR,Chris Hogan (11244531),Chris Hogan,11244531,WR/FLEX,5400,NE@JAX 09/16/2018 04:25PM ET,NE,2.1
RB,Tevin Coleman (11244720),Tevin Coleman,11244720,RB/FLEX,5300,CAR@ATL 09/16/2018 01:00PM ET,ATL,11.5
WR,Will Fuller V (11244834),Will Fuller V,11244834,WR/FLEX,5300,HOU@TEN 09/16/2018 01:00PM ET,HOU,0
QB,Ryan Tannehill (11244296),Ryan Tannehill,11244296,QB,5300,MIA@NYJ 09/16/2018 01:00PM ET,MIA,15.6
QB,Joe Flacco (11245021),Joe Flacco,11245021,QB,5200,BAL@CIN 09/13/2018 08:20PM ET,BAL,21.74
RB,Derrick Henry (11244762),Derrick Henry,11244762,RB/FLEX,5200,HOU@TEN 09/16/2018 01:00PM ET,TEN,4.1
RB,Jamaal Williams (11244718),Jamaal Williams,11244718,RB/FLEX,5200,MIN@GB 09/16/2018 01:00PM ET,GB,4.7
QB,Mitchell Trubisky (11245022),Mitchell Trubisky,11245022,QB,5200,SEA@CHI 09/17/2018 08:15PM ET,CHI,15.04
WR,Corey Davis (11244760),Corey Davis,11244760,WR/FLEX,5100,HOU@TEN 09/16/2018 01:00PM ET,TEN,12.2
RB,Bilal Powell (11244329),Bilal Powell,11244329,RB/FLEX,5100,MIA@NYJ 09/16/2018 01:00PM ET,NYJ,7.5
QB,Sam Darnold (11244986),Sam Darnold,11244986,QB,5100,MIA@NYJ 09/16/2018 01:00PM ET,NYJ,14.82
RB,Marshawn Lynch (11244246),Marshawn Lynch,11244246,RB/FLEX,5100,OAK@DEN 09/16/2018 04:25PM ET,OAK,12.9
TE,Jordan Reed (11244437),Jordan Reed,11244437,TE/FLEX,5000,IND@WAS 09/16/2018 01:00PM ET,WAS,14.8
QB,Jacoby Brissett (11244614),Jacoby Brissett,11244614,QB,5000,IND@WAS 09/16/2018 01:00PM ET,IND,0
RB,Dion Lewis (11244397),Dion Lewis,11244397,RB/FLEX,5000,HOU@TEN 09/16/2018 01:00PM ET,TEN,22
QB,Jameis Winston (11244689),Jameis Winston,11244689,QB,5000,PHI@TB 09/16/2018 01:00PM ET,TB,0
QB,Geno Smith (11244450),Geno Smith,11244450,QB,5000,LAC@BUF 09/16/2018 01:00PM ET,LAC,0
RB,Aaron Jones (11244791),Aaron Jones,11244791,RB/FLEX,5000,MIN@GB 09/16/2018 01:00PM ET,GB,0
WR,Pierre Garcon (11244315),Pierre Garcon,11244315,WR/FLEX,5000,DET@SF 09/16/2018 04:05PM ET,SF,4.1
WR,Jordy Nelson (11244221),Jordy Nelson,11244221,WR/FLEX,5000,OAK@DEN 09/16/2018 04:25PM ET,OAK,5.3
WR,Jamison Crowder (11244561),Jamison Crowder,11244561,WR/FLEX,4900,IND@WAS 09/16/2018 01:00PM ET,WAS,6.2
WR,DeSean Jackson (11244257),DeSean Jackson,11244257,WR/FLEX,4900,PHI@TB 09/16/2018 01:00PM ET,TB,34.6
RB,Carlos Hyde (11244465),Carlos Hyde,11244465,RB/FLEX,4900,CLE@NO 09/16/2018 01:00PM ET,CLE,13.5
QB,Teddy Bridgewater (11244542),Teddy Bridgewater,11244542,QB,4900,CLE@NO 09/16/2018 01:00PM ET,NO,0
WR,Keelan Cole (11244858),Keelan Cole,11244858,WR/FLEX,4900,NE@JAX 09/16/2018 04:25PM ET,JAX,8.4
QB,Josh McCown (11244204),Josh McCown,11244204,QB,4800,MIA@NYJ 09/16/2018 01:00PM ET,NYJ,0
TE,Jimmy Graham (11244250),Jimmy Graham,11244250,TE/FLEX,4800,MIN@GB 09/16/2018 01:00PM ET,GB,2.8
WR,Ted Ginn Jr. (11244236),Ted Ginn Jr.,11244236,WR/FLEX,4800,CLE@NO 09/16/2018 01:00PM ET,NO,20.3
WR,Marquise Goodwin (11244428),Marquise Goodwin,11244428,WR/FLEX,4800,DET@SF 09/16/2018 04:05PM ET,SF,0
WR,Kenny Golladay (11244731),Kenny Golladay,11244731,WR/FLEX,4800,DET@SF 09/16/2018 04:05PM ET,DET,21.4
RB,Matt Breida (11244838),Matt Breida,11244838,RB/FLEX,4800,DET@SF 09/16/2018 04:05PM ET,SF,6.1
QB,Sam Bradford (11244277),Sam Bradford,11244277,QB,4800,ARI@LAR 09/16/2018 04:05PM ET,ARI,4.82
RB,Tarik Cohen (11245043),Tarik Cohen,11245043,RB/FLEX,4800,SEA@CHI 09/17/2018 08:15PM ET,CHI,7.1
WR,Tyler Lockett (11245091),Tyler Lockett,11245091,WR/FLEX,4800,SEA@CHI 09/17/2018 08:15PM ET,SEA,14.9
WR,Devin Funchess (11244723),Devin Funchess,11244723,WR/FLEX,4700,CAR@ATL 09/16/2018 01:00PM ET,CAR,7.1
QB,Blaine Gabbert (11244362),Blaine Gabbert,11244362,QB,4700,HOU@TEN 09/16/2018 01:00PM ET,TEN,3.68
RB,Darren Sproles (11244209),Darren Sproles,11244209,RB/FLEX,4700,PHI@TB 09/16/2018 01:00PM ET,PHI,7.2
QB,Mason Rudolph (11244898),Mason Rudolph,11244898,QB,4700,KC@PIT 09/16/2018 01:00PM ET,PIT,0
WR,Quincy Enunwa (11244455),Quincy Enunwa,11244455,WR/FLEX,4700,MIA@NYJ 09/16/2018 01:00PM ET,NYJ,18.3
WR,Sterling Shepard (11245093),Sterling Shepard,11245093,WR/FLEX,4700,NYG@DAL 09/16/2018 08:20PM ET,NYG,9.8
QB,Brandon Weeden (11244309),Brandon Weeden,11244309,QB,4600,HOU@TEN 09/16/2018 01:00PM ET,HOU,0
WR,Chris Godwin (11244928),Chris Godwin,11244928,WR/FLEX,4600,PHI@TB 09/16/2018 01:00PM ET,TB,13.1
WR,Sammy Watkins (11244567),Sammy Watkins,11244567,WR/FLEX,4600,KC@PIT 09/16/2018 01:00PM ET,KC,5.1
WR,Danny Amendola (11244238),Danny Amendola,11244238,WR/FLEX,4600,MIA@NYJ 09/16/2018 01:00PM ET,MIA,6.6
RB,Isaiah Crowell (11244612),Isaiah Crowell,11244612,RB/FLEX,4600,MIA@NYJ 09/16/2018 01:00PM ET,NYJ,25.2
WR,Kelvin Benjamin (11244594),Kelvin Benjamin,11244594,WR/FLEX,4600,LAC@BUF 09/16/2018 01:00PM ET,BUF,2
QB,Josh Allen (11244978),Josh Allen,11244978,QB,4600,LAC@BUF 09/16/2018 01:00PM ET,BUF,5.56
WR,Randall Cobb (11244378),Randall Cobb,11244378,WR/FLEX,4600,MIN@GB 09/16/2018 01:00PM ET,GB,32.2
RB,Latavius Murray (11244383),Latavius Murray,11244383,RB/FLEX,4600,MIN@GB 09/16/2018 01:00PM ET,MIN,4.2
QB,Trevor Siemian (11244469),Trevor Siemian,11244469,QB,4600,MIN@GB 09/16/2018 01:00PM ET,MIN,0
QB,Baker Mayfield (11244822),Baker Mayfield,11244822,QB,4600,CLE@NO 09/16/2018 01:00PM ET,CLE,0
QB,Matt Cassel (11244205),Matt Cassel,11244205,QB,4600,DET@SF 09/16/2018 04:05PM ET,DET,-0.54
QB,AJ McCarron (11244434),AJ McCarron,11244434,QB,4600,OAK@DEN 09/16/2018 04:25PM ET,OAK,0
TE,Evan Engram (11245155),Evan Engram,11245155,TE/FLEX,4600,NYG@DAL 09/16/2018 08:20PM ET,NYG,3.8
QB,Lamar Jackson (11245023),Lamar Jackson,11245023,QB,4500,BAL@CIN 09/13/2018 08:20PM ET,BAL,4.86
QB,Colt McCoy (11244263),Colt McCoy,11244263,QB,4500,IND@WAS 09/16/2018 01:00PM ET,WAS,0
RB,Marlon Mack (11244960),Marlon Mack,11244960,RB/FLEX,4500,IND@WAS 09/16/2018 01:00PM ET,IND,0
TE,Delanie Walker (11244219),Delanie Walker,11244219,TE/FLEX,4500,HOU@TEN 09/16/2018 01:00PM ET,TEN,9.2
QB,Ryan Griffin (11244382),Ryan Griffin,11244382,QB,4500,PHI@TB 09/16/2018 01:00PM ET,TB,0
QB,Chad Henne (11244241),Chad Henne,11244241,QB,4500,KC@PIT 09/16/2018 01:00PM ET,KC,0
QB,Brock Osweiler (11244404),Brock Osweiler,11244404,QB,4500,MIA@NYJ 09/16/2018 01:00PM ET,MIA,0
WR,DeVante Parker (11244569),DeVante Parker,11244569,WR/FLEX,4500,MIA@NYJ 09/16/2018 01:00PM ET,MIA,0
QB,DeShone Kizer (11244959),DeShone Kizer,11244959,QB,4500,MIN@GB 09/16/2018 01:00PM ET,GB,0.2
RB,LeGarrette Blount (11244343),LeGarrette Blount,11244343,RB/FLEX,4500,DET@SF 09/16/2018 04:05PM ET,DET,-0.3
RB,Chase Edmonds (11244918),Chase Edmonds,11244918,RB/FLEX,4500,ARI@LAR 09/16/2018 04:05PM ET,ARI,8.8
QB,Josh Rosen (11244979),Josh Rosen,11244979,QB,4500,ARI@LAR 09/16/2018 04:05PM ET,ARI,0
RB,John Kelly (11244984),John Kelly,11244984,RB/FLEX,4500,ARI@LAR 09/16/2018 04:05PM ET,LAR,0
QB,Brian Hoyer (11244240),Brian Hoyer,11244240,QB,4500,NE@JAX 09/16/2018 04:25PM ET,NE,0
RB,James White (11244495),James White,11244495,RB/FLEX,4500,NE@JAX 09/16/2018 04:25PM ET,NE,15.6
WR,Phillip Dorsett (11244555),Phillip Dorsett,11244555,WR/FLEX,4500,NE@JAX 09/16/2018 04:25PM ET,NE,19.6
WR,Dede Westbrook (11244974),Dede Westbrook,11244974,WR/FLEX,4500,NE@JAX 09/16/2018 04:25PM ET,JAX,10.1
QB,Chase Daniel (11245024),Chase Daniel,11245024,QB,4500,SEA@CHI 09/17/2018 08:15PM ET,CHI,0
WR,John Brown (11245095),John Brown,11245095,WR/FLEX,4400,BAL@CIN 09/13/2018 08:20PM ET,BAL,13.5
RB,Jordan Wilkins (11244827),Jordan Wilkins,11244827,RB/FLEX,4400,IND@WAS 09/16/2018 01:00PM ET,IND,9.1
WR,Tyrell Williams (11244649),Tyrell Williams,11244649,WR/FLEX,4400,LAC@BUF 09/16/2018 01:00PM ET,LAC,8.8
RB,Austin Ekeler (11244856),Austin Ekeler,11244856,RB/FLEX,4400,LAC@BUF 09/16/2018 01:00PM ET,LAC,23.6
QB,C.J. Beathard (11244692),C.J. Beathard,11244692,QB,4400,DET@SF 09/16/2018 04:05PM ET,SF,0
QB,Sean Mannion (11244511),Sean Mannion,11244511,QB,4400,ARI@LAR 09/16/2018 04:05PM ET,LAR,0
RB,Rex Burkhead (11244409),Rex Burkhead,11244409,RB/FLEX,4400,NE@JAX 09/16/2018 04:25PM ET,NE,7.9
QB,Kevin Hogan (11244557),Kevin Hogan,11244557,QB,4400,OAK@DEN 09/16/2018 04:25PM ET,DEN,0
QB,Chad Kelly (11244664),Chad Kelly,11244664,QB,4400,OAK@DEN 09/16/2018 04:25PM ET,DEN,0
RB,Phillip Lindsay (11244820),Phillip Lindsay,11244820,RB/FLEX,4400,OAK@DEN 09/16/2018 04:25PM ET,DEN,18.2
RB,Javorius Allen (11245045),Javorius Allen,11245045,RB/FLEX,4300,BAL@CIN 09/13/2018 08:20PM ET,BAL,14.2
WR,Ryan Grant (11244405),Ryan Grant,11244405,WR/FLEX,4300,IND@WAS 09/16/2018 01:00PM ET,IND,13.9
QB,Nathan Peterman (11244655),Nathan Peterman,11244655,QB,4300,LAC@BUF 09/16/2018 01:00PM ET,BUF,-0.94
RB,Corey Grant (11244499),Corey Grant,11244499,RB/FLEX,4300,NE@JAX 09/16/2018 04:25PM ET,JAX,0.3
RB,Royce Freeman (11244936),Royce Freeman,11244936,RB/FLEX,4300,OAK@DEN 09/16/2018 04:25PM ET,DEN,7.1
QB,Cooper Rush (11245025),Cooper Rush,11245025,QB,4300,NYG@DAL 09/16/2018 08:20PM ET,DAL,0
QB,Brett Hundley (11245026),Brett Hundley,11245026,QB,4300,SEA@CHI 09/17/2018 08:15PM ET,SEA,0
WR,Brandon Marshall (11245097),Brandon Marshall,11245097,WR/FLEX,4300,SEA@CHI 09/17/2018 08:15PM ET,SEA,13.6
QB,Robert Griffin III (11245027),Robert Griffin III,11245027,QB,4200,BAL@CIN 09/13/2018 08:20PM ET,BAL,0
WR,Paul Richardson Jr. (11244520),Paul Richardson Jr.,11244520,WR/FLEX,4200,IND@WAS 09/16/2018 01:00PM ET,WAS,6.2
WR,Rishard Matthews (11244505),Rishard Matthews,11244505,WR/FLEX,4200,HOU@TEN 09/16/2018 01:00PM ET,TEN,0
RB,Chris Ivory (11244286),Chris Ivory,11244286,RB/FLEX,4200,LAC@BUF 09/16/2018 01:00PM ET,BUF,0.3
TE,Kyle Rudolph (11244387),Kyle Rudolph,11244387,TE/FLEX,4200,MIN@GB 09/16/2018 01:00PM ET,MIN,8.1
RB,Duke Johnson Jr. (11244690),Duke Johnson Jr.,11244690,RB/FLEX,4200,CLE@NO 09/16/2018 01:00PM ET,CLE,3.5
RB,Kerryon Johnson (11244991),Kerryon Johnson,11244991,RB/FLEX,4200,DET@SF 09/16/2018 04:05PM ET,DET,6.7
WR,Cole Beasley (11245099),Cole Beasley,11245099,WR/FLEX,4200,NYG@DAL 09/16/2018 08:20PM ET,DAL,14.3
RB,Rashaad Penny (11245047),Rashaad Penny,11245047,RB/FLEX,4200,SEA@CHI 09/17/2018 08:15PM ET,SEA,8.3
RB,Nyheim Hines (11244989),Nyheim Hines,11244989,RB/FLEX,4100,IND@WAS 09/16/2018 01:00PM ET,IND,12.2
RB,Spencer Ware (11244453),Spencer Ware,11244453,RB/FLEX,4100,KC@PIT 09/16/2018 01:00PM ET,KC,5
WR,Cameron Meredith (11244529),Cameron Meredith,11244529,WR/FLEX,4100,CLE@NO 09/16/2018 01:00PM ET,NO,0
QB,Mike Glennon (11244369),Mike Glennon,11244369,QB,4100,ARI@LAR 09/16/2018 04:05PM ET,ARI,0
RB,Sony Michel (11244892),Sony Michel,11244892,RB/FLEX,4100,NE@JAX 09/16/2018 04:25PM ET,NE,0
RB,Chris Carson (11245049),Chris Carson,11245049,RB/FLEX,4100,SEA@CHI 09/17/2018 08:15PM ET,SEA,9.9
TE,Trey Burton (11245157),Trey Burton,11245157,TE/FLEX,4100,SEA@CHI 09/17/2018 08:15PM ET,CHI,2.5
QB,Matt Barkley (11245028),Matt Barkley,11245028,QB,4000,BAL@CIN 09/13/2018 08:20PM ET,CIN,0
QB,Jeff Driskel (11245029),Jeff Driskel,11245029,QB,4000,BAL@CIN 09/13/2018 08:20PM ET,CIN,0
QB,Matt Schaub (11244235),Matt Schaub,11244235,QB,4000,CAR@ATL 09/16/2018 01:00PM ET,ATL,0
WR,Mohamed Sanu (11244395),Mohamed Sanu,11244395,WR/FLEX,4000,CAR@ATL 09/16/2018 01:00PM ET,ATL,5.8
QB,Taylor Heinicke (11244560),Taylor Heinicke,11244560,QB,4000,CAR@ATL 09/16/2018 01:00PM ET,CAR,0
WR,D.J. Moore (11244980),D.J. Moore,11244980,WR/FLEX,4000,CAR@ATL 09/16/2018 01:00PM ET,CAR,0.3
TE,Jack Doyle (11244393),Jack Doyle,11244393,TE/FLEX,4000,IND@WAS 09/16/2018 01:00PM ET,IND,12
WR,Josh Doctson (11244543),Josh Doctson,11244543,WR/FLEX,4000,IND@WAS 09/16/2018 01:00PM ET,WAS,2.1
QB,Joe Webb III (11244252),Joe Webb III,11244252,QB,4000,HOU@TEN 09/16/2018 01:00PM ET,HOU,0
RB,D'Onta Foreman (11244934),D'Onta Foreman,11244934,RB/FLEX,4000,HOU@TEN 09/16/2018 01:00PM ET,HOU,0
QB,Nate Sudfeld (11244722),Nate Sudfeld,11244722,QB,4000,PHI@TB 09/16/2018 01:00PM ET,PHI,0
RB,Peyton Barber (11244806),Peyton Barber,11244806,RB/FLEX,4000,PHI@TB 09/16/2018 01:00PM ET,TB,6.9
QB,Joshua Dobbs (11244790),Joshua Dobbs,11244790,QB,4000,KC@PIT 09/16/2018 01:00PM ET,PIT,0
WR,Jermaine Kearse (11244353),Jermaine Kearse,11244353,WR/FLEX,4000,MIA@NYJ 09/16/2018 01:00PM ET,NYJ,0
QB,David Fales (11244449),David Fales,11244449,QB,4000,MIA@NYJ 09/16/2018 01:00PM ET,MIA,0
QB,Luke Falk (11244829),Luke Falk,11244829,QB,4000,MIA@NYJ 09/16/2018 01:00PM ET,MIA,0
QB,Kyle Sloter (11244697),Kyle Sloter,11244697,QB,4000,MIN@GB 09/16/2018 01:00PM ET,MIN,0
QB,Tim Boyle (11244795),Tim Boyle,11244795,QB,4000,MIN@GB 09/16/2018 01:00PM ET,GB,0
QB,Drew Stanton (11244216),Drew Stanton,11244216,QB,4000,CLE@NO 09/16/2018 01:00PM ET,CLE,0
QB,Taysom Hill (11244419),Taysom Hill,11244419,QB,4000,CLE@NO 09/16/2018 01:00PM ET,NO,0
RB,Theo Riddick (11244441),Theo Riddick,11244441,RB/FLEX,4000,DET@SF 09/16/2018 04:05PM ET,DET,8.5
WR,Dante Pettis (11244944),Dante Pettis,11244944,WR/FLEX,4000,DET@SF 09/16/2018 04:05PM ET,SF,14.1
QB,Brandon Allen (11244579),Brandon Allen,11244579,QB,4000,ARI@LAR 09/16/2018 04:05PM ET,LAR,0
QB,Cody Kessler (11244541),Cody Kessler,11244541,QB,4000,NE@JAX 09/16/2018 04:25PM ET,JAX,0
QB,Mike White (11245030),Mike White,11245030,QB,4000,NYG@DAL 09/16/2018 08:20PM ET,DAL,0
QB,Kyle Lauletta (11245031),Kyle Lauletta,11245031,QB,4000,NYG@DAL 09/16/2018 08:20PM ET,NYG,0
QB,Alex Tanney (11245032),Alex Tanney,11245032,QB,4000,NYG@DAL 09/16/2018 08:20PM ET,NYG,0
RB,Rod Smith (11245051),Rod Smith,11245051,RB/FLEX,4000,NYG@DAL 09/16/2018 08:20PM ET,DAL,0.5
WR,Willie Snead IV (11245101),Willie Snead IV,11245101,WR/FLEX,3900,BAL@CIN 09/13/2018 08:20PM ET,BAL,14.9
RB,C.J. Anderson (11244621),C.J. Anderson,11244621,RB/FLEX,3900,CAR@ATL 09/16/2018 01:00PM ET,CAR,3.5
RB,Alfred Blue (11244451),Alfred Blue,11244451,RB/FLEX,3900,HOU@TEN 09/16/2018 01:00PM ET,HOU,9.6
WR,Mike Wallace (11244291),Mike Wallace,11244291,WR/FLEX,3900,PHI@TB 09/16/2018 01:00PM ET,PHI,0
RB,Ronald Jones II (11244987),Ronald Jones II,11244987,RB/FLEX,3900,PHI@TB 09/16/2018 01:00PM ET,TB,0
RB,Frank Gore (11244206),Frank Gore,11244206,RB/FLEX,3900,MIA@NYJ 09/16/2018 01:00PM ET,MIA,6.1
WR,Jakeem Grant (11244588),Jakeem Grant,11244588,WR/FLEX,3900,MIA@NYJ 09/16/2018 01:00PM ET,MIA,14.8
WR,Trent Taylor (11244776),Trent Taylor,11244776,WR/FLEX,3900,DET@SF 09/16/2018 04:05PM ET,SF,6.8
RB,Doug Martin (11244301),Doug Martin,11244301,RB/FLEX,3900,OAK@DEN 09/16/2018 04:25PM ET,OAK,3.7
RB,Wayne Gallman Jr. (11245053),Wayne Gallman Jr.,11245053,RB/FLEX,3900,NYG@DAL 09/16/2018 08:20PM ET,NYG,2.8
WR,Taylor Gabriel (11245103),Taylor Gabriel,11245103,WR/FLEX,3900,SEA@CHI 09/17/2018 08:15PM ET,CHI,7.5
RB,Giovani Bernard (11245055),Giovani Bernard,11245055,RB/FLEX,3800,BAL@CIN 09/13/2018 08:20PM ET,CIN,1.9
WR,John Ross (11245107),John Ross,11245107,WR/FLEX,3800,BAL@CIN 09/13/2018 08:20PM ET,CIN,7.3
WR,Jarius Wright (11244374),Jarius Wright,11244374,WR/FLEX,3800,CAR@ATL 09/16/2018 01:00PM ET,CAR,5.3
WR,Bruce Ellington (11244584),Bruce Ellington,11244584,WR/FLEX,3800,HOU@TEN 09/16/2018 01:00PM ET,HOU,13.7
WR,James Washington (11244932),James Washington,11244932,WR/FLEX,3800,KC@PIT 09/16/2018 01:00PM ET,PIT,0
WR,Zay Jones (11244816),Zay Jones,11244816,WR/FLEX,3800,LAC@BUF 09/16/2018 01:00PM ET,BUF,5.6
WR,Geronimo Allison (11244870),Geronimo Allison,11244870,WR/FLEX,3800,MIN@GB 09/16/2018 01:00PM ET,GB,17.9
RB,Jonathan Williams (11244702),Jonathan Williams,11244702,RB/FLEX,3800,CLE@NO 09/16/2018 01:00PM ET,NO,0
RB,Nick Chubb (11244888),Nick Chubb,11244888,RB/FLEX,3800,CLE@NO 09/16/2018 01:00PM ET,CLE,2.1
TE,George Kittle (11244770),George Kittle,11244770,TE/FLEX,3800,DET@SF 09/16/2018 04:05PM ET,SF,14
WR,Brandon LaFell (11244261),Brandon LaFell,11244261,WR/FLEX,3800,OAK@DEN 09/16/2018 04:25PM ET,OAK,0
WR,Allen Hurns (11245105),Allen Hurns,11245105,WR/FLEX,3800,NYG@DAL 09/16/2018 08:20PM ET,DAL,3
RB,Kenneth Dixon (11245057),Kenneth Dixon,11245057,RB/FLEX,3700,BAL@CIN 09/13/2018 08:20PM ET,BAL,10.4
WR,Calvin Ridley (11244995),Calvin Ridley,11244995,WR/FLEX,3700,CAR@ATL 09/16/2018 01:00PM ET,ATL,0
WR,Terrelle Pryor (11244349),Terrelle Pryor,11244349,WR/FLEX,3700,MIA@NYJ 09/16/2018 01:00PM ET,NYJ,7.9
WR,Albert Wilson (11244497),Albert Wilson,11244497,WR/FLEX,3700,MIA@NYJ 09/16/2018 01:00PM ET,MIA,6.8
WR,Mike Williams (11244774),Mike Williams,11244774,WR/FLEX,3700,LAC@BUF 09/16/2018 01:00PM ET,LAC,13.1
RB,Ty Montgomery (11244558),Ty Montgomery,11244558,RB/FLEX,3700,MIN@GB 09/16/2018 01:00PM ET,GB,4.8
DST,Rams  (11244187),Rams ,11244187,DST,3700,ARI@LAR 09/16/2018 04:05PM ET,LAR,17
WR,Donte Moncrief (11244615),Donte Moncrief,11244615,WR/FLEX,3700,NE@JAX 09/16/2018 04:25PM ET,JAX,2.4
RB,Devontae Booker (11244766),Devontae Booker,11244766,RB/FLEX,3700,OAK@DEN 09/16/2018 04:25PM ET,DEN,3.5
RB,Jonathan Stewart (11245059),Jonathan Stewart,11245059,RB/FLEX,3700,NYG@DAL 09/16/2018 08:20PM ET,NYG,0.8
WR,Michael Gallup (11245109),Michael Gallup,11245109,WR/FLEX,3700,NYG@DAL 09/16/2018 08:20PM ET,DAL,1.9
WR,Anthony Miller (11245111),Anthony Miller,11245111,WR/FLEX,3700,SEA@CHI 09/17/2018 08:15PM ET,CHI,3.4
WR,Curtis Samuel (11244872),Curtis Samuel,11244872,WR/FLEX,3600,CAR@ATL 09/16/2018 01:00PM ET,CAR,0
WR,Taywan Taylor (11244840),Taywan Taylor,11244840,WR/FLEX,3600,HOU@TEN 09/16/2018 01:00PM ET,TEN,0
DST,Chargers  (11244196),Chargers ,11244196,DST,3600,LAC@BUF 09/16/2018 01:00PM ET,LAC,-3
WR,Travis Benjamin (11244370),Travis Benjamin,11244370,WR/FLEX,3600,LAC@BUF 09/16/2018 01:00PM ET,LAC,3
RB,Alfred Morris (11244303),Alfred Morris,11244303,RB/FLEX,3600,DET@SF 09/16/2018 04:05PM ET,SF,2.8
RB,Ameer Abdullah (11244535),Ameer Abdullah,11244535,RB/FLEX,3600,DET@SF 09/16/2018 04:05PM ET,DET,0
WR,Christian Kirk (11244970),Christian Kirk,11244970,WR/FLEX,3600,ARI@LAR 09/16/2018 04:05PM ET,ARI,1.4
TE,Jared Cook (11244253),Jared Cook,11244253,TE/FLEX,3600,OAK@DEN 09/16/2018 04:25PM ET,OAK,30
WR,Deonte Thompson (11245113),Deonte Thompson,11245113,WR/FLEX,3600,NYG@DAL 09/16/2018 08:20PM ET,DAL,5.7
TE,Tyler Eifert (11245159),Tyler Eifert,11245159,TE/FLEX,3500,BAL@CIN 09/13/2018 08:20PM ET,CIN,7.4
WR,Torrey Smith (11244312),Torrey Smith,11244312,WR/FLEX,3500,CAR@ATL 09/16/2018 01:00PM ET,CAR,2.5
RB,Rob Kelley (11244575),Rob Kelley,11244575,RB/FLEX,3500,IND@WAS 09/16/2018 01:00PM ET,WAS,0.7
TE,Eric Ebron (11244598),Eric Ebron,11244598,TE/FLEX,3500,IND@WAS 09/16/2018 01:00PM ET,IND,15.1
RB,Samaje Perine (11244866),Samaje Perine,11244866,RB/FLEX,3500,IND@WAS 09/16/2018 01:00PM ET,WAS,0
RB,Jacquizz Rodgers (11244351),Jacquizz Rodgers,11244351,RB/FLEX,3500,PHI@TB 09/16/2018 01:00PM ET,TB,1.3
RB,Corey Clement (11244800),Corey Clement,11244800,RB/FLEX,3500,PHI@TB 09/16/2018 01:00PM ET,PHI,2.6
RB,Stevan Ridley (11244299),Stevan Ridley,11244299,RB/FLEX,3500,KC@PIT 09/16/2018 01:00PM ET,PIT,0
WR,Jeremy Kerley (11244317),Jeremy Kerley,11244317,WR/FLEX,3500,LAC@BUF 09/16/2018 01:00PM ET,BUF,2.7
RB,Shane Vereen (11244325),Shane Vereen,11244325,RB/FLEX,3500,CLE@NO 09/16/2018 01:00PM ET,NO,0
RB,Malcolm Brown (11244580),Malcolm Brown,11244580,RB/FLEX,3500,ARI@LAR 09/16/2018 04:05PM ET,LAR,4.3
RB,T.J. Logan (11244754),T.J. Logan,11244754,RB/FLEX,3500,ARI@LAR 09/16/2018 04:05PM ET,ARI,0
WR,Courtland Sutton (11244954),Courtland Sutton,11244954,WR/FLEX,3500,OAK@DEN 09/16/2018 04:25PM ET,DEN,6.5
WR,Tavon Austin (11245115),Tavon Austin,11245115,WR/FLEX,3500,NYG@DAL 09/16/2018 08:20PM ET,DAL,0.1
WR,Jaron Brown (11245117),Jaron Brown,11245117,WR/FLEX,3500,SEA@CHI 09/17/2018 08:15PM ET,SEA,1.7
DST,Eagles  (11244193),Eagles ,11244193,DST,3400,PHI@TB 09/16/2018 01:00PM ET,PHI,10
WR,Adam Humphries (11244563),Adam Humphries,11244563,WR/FLEX,3400,PHI@TB 09/16/2018 01:00PM ET,TB,5.7
TE,Benjamin Watson (11244233),Benjamin Watson,11244233,TE/FLEX,3400,CLE@NO 09/16/2018 01:00PM ET,NO,8.4
WR,Tre'Quan Smith (11244950),Tre'Quan Smith,11244950,WR/FLEX,3400,CLE@NO 09/16/2018 01:00PM ET,NO,0
WR,Cordarrelle Patterson (11244679),Cordarrelle Patterson,11244679,WR/FLEX,3400,NE@JAX 09/16/2018 04:25PM ET,NE,2.9
RB,Jalen Richard (11244695),Jalen Richard,11244695,RB/FLEX,3400,OAK@DEN 09/16/2018 04:25PM ET,OAK,16.9
WR,Terrance Williams (11245119),Terrance Williams,11245119,WR/FLEX,3400,NYG@DAL 09/16/2018 08:20PM ET,DAL,1.6
RB,Benny Cunningham (11245061),Benny Cunningham,11245061,RB/FLEX,3400,SEA@CHI 09/17/2018 08:15PM ET,CHI,0
RB,J.D. McKissic (11245063),J.D. McKissic,11245063,RB/FLEX,3400,SEA@CHI 09/17/2018 08:15PM ET,SEA,0
TE,Vernon Davis (11244214),Vernon Davis,11244214,TE/FLEX,3300,IND@WAS 09/16/2018 01:00PM ET,WAS,1.9
WR,Chester Rogers (11244737),Chester Rogers,11244737,WR/FLEX,3300,IND@WAS 09/16/2018 01:00PM ET,IND,4.8
WR,Tajae Sharpe (11244739),Tajae Sharpe,11244739,WR/FLEX,3300,HOU@TEN 09/16/2018 01:00PM ET,TEN,2.7
WR,Chris Conley (11244539),Chris Conley,11244539,WR/FLEX,3300,KC@PIT 09/16/2018 01:00PM ET,KC,2.5
WR,De'Anthony Thomas (11244628),De'Anthony Thomas,11244628,WR/FLEX,3300,KC@PIT 09/16/2018 01:00PM ET,KC,7.1
RB,Kalen Ballage (11244864),Kalen Ballage,11244864,RB/FLEX,3300,MIA@NYJ 09/16/2018 01:00PM ET,MIA,0
WR,Laquon Treadwell (11244823),Laquon Treadwell,11244823,WR/FLEX,3300,MIN@GB 09/16/2018 01:00PM ET,MIN,3.8
RB,Mike Gillislee (11244435),Mike Gillislee,11244435,RB/FLEX,3300,CLE@NO 09/16/2018 01:00PM ET,NO,-0.1
WR,J.J. Nelson (11244509),J.J. Nelson,11244509,WR/FLEX,3300,ARI@LAR 09/16/2018 04:05PM ET,ARI,0
RB,Jeremy Hill (11244656),Jeremy Hill,11244656,RB/FLEX,3300,NE@JAX 09/16/2018 04:25PM ET,NE,4.1
DST,Broncos  (11244180),Broncos ,11244180,DST,3300,OAK@DEN 09/16/2018 04:25PM ET,DEN,12
TE,Will Dissly (11245161),Will Dissly,11245161,TE/FLEX,3300,SEA@CHI 09/17/2018 08:15PM ET,SEA,22.5
RB,Mark Walton (11245065),Mark Walton,11245065,RB/FLEX,3200,BAL@CIN 09/13/2018 08:20PM ET,CIN,0
WR,Tyler Boyd (11245121),Tyler Boyd,11245121,WR/FLEX,3200,BAL@CIN 09/13/2018 08:20PM ET,CIN,5.6
RB,Christine Michael (11244445),Christine Michael,11244445,RB/FLEX,3200,IND@WAS 09/16/2018 01:00PM ET,IND,0.9
WR,Keke Coutee (11244993),Keke Coutee,11244993,WR/FLEX,3200,HOU@TEN 09/16/2018 01:00PM ET,HOU,0
TE,O.J. Howard (11244764),O.J. Howard,11244764,TE/FLEX,3200,PHI@TB 09/16/2018 01:00PM ET,TB,7.4
WR,Andre Holmes (11244512),Andre Holmes,11244512,WR/FLEX,3200,LAC@BUF 09/16/2018 01:00PM ET,BUF,2.4
DST,Saints  (11244191),Saints ,11244191,DST,3200,CLE@NO 09/16/2018 01:00PM ET,NO,-4
WR,Austin Carr (11244693),Austin Carr,11244693,WR/FLEX,3200,CLE@NO 09/16/2018 01:00PM ET,NO,4
RB,Kyle Juszczyk (11244413),Kyle Juszczyk,11244413,RB/FLEX,3200,DET@SF 09/16/2018 04:05PM ET,SF,6.6
WR,TJ Jones (11244467),TJ Jones,11244467,WR/FLEX,3200,DET@SF 09/16/2018 04:05PM ET,DET,1.6
WR,Chad Williams (11244852),Chad Williams,11244852,WR/FLEX,3200,ARI@LAR 09/16/2018 04:05PM ET,ARI,0
TE,Austin Seferian-Jenkins (11244549),Austin Seferian-Jenkins,11244549,TE/FLEX,3200,NE@JAX 09/16/2018 04:25PM ET,JAX,5.5
TE,Jonnu Smith (11244802),Jonnu Smith,11244802,TE/FLEX,3100,HOU@TEN 09/16/2018 01:00PM ET,TEN,2.2
WR,Darrius Heyward-Bey (11244248),Darrius Heyward-Bey,11244248,WR/FLEX,3100,KC@PIT 09/16/2018 01:00PM ET,PIT,0
TE,Vance McDonald (11244399),Vance McDonald,11244399,TE/FLEX,3100,KC@PIT 09/16/2018 01:00PM ET,PIT,0
WR,Demarcus Robinson (11244747),Demarcus Robinson,11244747,WR/FLEX,3100,KC@PIT 09/16/2018 01:00PM ET,KC,0
DST,Dolphins  (11244188),Dolphins ,11244188,DST,3100,MIA@NYJ 09/16/2018 01:00PM ET,MIA,13
TE,Charles Clay (11244321),Charles Clay,11244321,TE/FLEX,3100,LAC@BUF 09/16/2018 01:00PM ET,BUF,0
WR,Cody Latimer (11245123),Cody Latimer,11245123,WR/FLEX,3100,NYG@DAL 09/16/2018 08:20PM ET,NYG,0
RB,C.J. Prosise (11245067),C.J. Prosise,11245067,RB/FLEX,3100,SEA@CHI 09/17/2018 08:15PM ET,SEA,0
RB,Tra Carson (11245069),Tra Carson,11245069,RB/FLEX,3000,BAL@CIN 09/13/2018 08:20PM ET,CIN,0
RB,Patrick Ricard (11245071),Patrick Ricard,11245071,RB/FLEX,3000,BAL@CIN 09/13/2018 08:20PM ET,BAL,0
WR,Josh Malone (11245125),Josh Malone,11245125,WR/FLEX,3000,BAL@CIN 09/13/2018 08:20PM ET,CIN,0
WR,Cody Core (11245127),Cody Core,11245127,WR/FLEX,3000,BAL@CIN 09/13/2018 08:20PM ET,CIN,0
WR,Alex Erickson (11245129),Alex Erickson,11245129,WR/FLEX,3000,BAL@CIN 09/13/2018 08:20PM ET,CIN,0
WR,Auden Tate (11245131),Auden Tate,11245131,WR/FLEX,3000,BAL@CIN 09/13/2018 08:20PM ET,CIN,0
WR,Janarion Grant (11245133),Janarion Grant,11245133,WR/FLEX,3000,BAL@CIN 09/13/2018 08:20PM ET,BAL,0
WR,Quincy Adeboyejo (11245135),Quincy Adeboyejo,11245135,WR/FLEX,3000,BAL@CIN 09/13/2018 08:20PM ET,BAL,0
WR,Jordan Lasley (11245137),Jordan Lasley,11245137,WR/FLEX,3000,BAL@CIN 09/13/2018 08:20PM ET,BAL,0
WR,Chris Moore (11245139),Chris Moore,11245139,WR/FLEX,3000,BAL@CIN 09/13/2018 08:20PM ET,BAL,1.5
WR,Justin Hardy (11244507),Justin Hardy,11244507,WR/FLEX,3000,CAR@ATL 09/16/2018 01:00PM ET,ATL,0
WR,Damiere Byrd (11244582),Damiere Byrd,11244582,WR/FLEX,3000,CAR@ATL 09/16/2018 01:00PM ET,CAR,0
WR,Marvin Hall (11244619),Marvin Hall,11244619,WR/FLEX,3000,CAR@ATL 09/16/2018 01:00PM ET,ATL,0
RB,Ricky Ortiz (11244714),Ricky Ortiz,11244714,RB/FLEX,3000,CAR@ATL 09/16/2018 01:00PM ET,ATL,0
RB,Cameron Artis-Payne (11244745),Cameron Artis-Payne,11244745,RB/FLEX,3000,CAR@ATL 09/16/2018 01:00PM ET,CAR,0
WR,Russell Gage (11244878),Russell Gage,11244878,WR/FLEX,3000,CAR@ATL 09/16/2018 01:00PM ET,ATL,0
RB,Elijah Hood (11244894),Elijah Hood,11244894,RB/FLEX,3000,CAR@ATL 09/16/2018 01:00PM ET,CAR,0
RB,Ito Smith (11244924),Ito Smith,11244924,RB/FLEX,3000,CAR@ATL 09/16/2018 01:00PM ET,ATL,0
RB,Alex Armah (11245007),Alex Armah,11245007,RB/FLEX,3000,CAR@ATL 09/16/2018 01:00PM ET,CAR,6.1
RB,Robert Turbin (11244327),Robert Turbin,11244327,RB/FLEX,3000,IND@WAS 09/16/2018 01:00PM ET,IND,0
WR,Matt Hazel (11244503),Matt Hazel,11244503,WR/FLEX,3000,IND@WAS 09/16/2018 01:00PM ET,IND,0
WR,Maurice Harris (11244623),Maurice Harris,11244623,WR/FLEX,3000,IND@WAS 09/16/2018 01:00PM ET,WAS,0
WR,Zach Pascal (11244669),Zach Pascal,11244669,WR/FLEX,3000,IND@WAS 09/16/2018 01:00PM ET,IND,2.8
RB,Byron Marshall (11244673),Byron Marshall,11244673,RB/FLEX,3000,IND@WAS 09/16/2018 01:00PM ET,WAS,0
WR,Marcus Johnson (11244687),Marcus Johnson,11244687,WR/FLEX,3000,IND@WAS 09/16/2018 01:00PM ET,IND,0
WR,Trey Quinn (11244880),Trey Quinn,11244880,WR/FLEX,3000,IND@WAS 09/16/2018 01:00PM ET,WAS,0
WR,Cam Sims (11244901),Cam Sims,11244901,WR/FLEX,3000,IND@WAS 09/16/2018 01:00PM ET,WAS,0
WR,Michael Campanaro (11244411),Michael Campanaro,11244411,WR/FLEX,3000,HOU@TEN 09/16/2018 01:00PM ET,TEN,0
RB,David Fluellen (11244518),David Fluellen,11244518,RB/FLEX,3000,HOU@TEN 09/16/2018 01:00PM ET,TEN,0
WR,Sammie Coates Jr. (11244547),Sammie Coates Jr.,11244547,WR/FLEX,3000,HOU@TEN 09/16/2018 01:00PM ET,HOU,0
RB,Tyler Ervin (11244573),Tyler Ervin,11244573,RB/FLEX,3000,HOU@TEN 09/16/2018 01:00PM ET,HOU,2.2
WR,Darius Jennings (11244600),Darius Jennings,11244600,WR/FLEX,3000,HOU@TEN 09/16/2018 01:00PM ET,TEN,6
RB,Buddy Howell (11244920),Buddy Howell,11244920,RB/FLEX,3000,HOU@TEN 09/16/2018 01:00PM ET,HOU,0
WR,Cameron Batson (11244956),Cameron Batson,11244956,WR/FLEX,3000,HOU@TEN 09/16/2018 01:00PM ET,TEN,0
WR,Vyncint Smith (11244966),Vyncint Smith,11244966,WR/FLEX,3000,HOU@TEN 09/16/2018 01:00PM ET,HOU,0
WR,Markus Wheaton (11244407),Markus Wheaton,11244407,WR/FLEX,3000,PHI@TB 09/16/2018 01:00PM ET,PHI,0
WR,Freddie Martino (11244524),Freddie Martino,11244524,WR/FLEX,3000,PHI@TB 09/16/2018 01:00PM ET,TB,0
WR,DeAndre Carter (11244642),DeAndre Carter,11244642,WR/FLEX,3000,PHI@TB 09/16/2018 01:00PM ET,PHI,2
RB,Wendell Smallwood (11244752),Wendell Smallwood,11244752,RB/FLEX,3000,PHI@TB 09/16/2018 01:00PM ET,PHI,0
WR,Shelton Gibson (11244782),Shelton Gibson,11244782,WR/FLEX,3000,PHI@TB 09/16/2018 01:00PM ET,PHI,0
RB,Shaun Wilson (11244908),Shaun Wilson,11244908,RB/FLEX,3000,PHI@TB 09/16/2018 01:00PM ET,TB,0.6
WR,Justin Watson (11244914),Justin Watson,11244914,WR/FLEX,3000,PHI@TB 09/16/2018 01:00PM ET,TB,0
RB,Anthony Sherman (11244323),Anthony Sherman,11244323,RB/FLEX,3000,KC@PIT 09/16/2018 01:00PM ET,KC,10.6
WR,Justin Hunter (11244457),Justin Hunter,11244457,WR/FLEX,3000,KC@PIT 09/16/2018 01:00PM ET,PIT,1.6
RB,Roosevelt Nix (11244470),Roosevelt Nix,11244470,RB/FLEX,3000,KC@PIT 09/16/2018 01:00PM ET,PIT,0
WR,Eli Rogers (11244610),Eli Rogers,11244610,WR/FLEX,3000,KC@PIT 09/16/2018 01:00PM ET,PIT,0
RB,Damien Williams (11244685),Damien Williams,11244685,RB/FLEX,3000,KC@PIT 09/16/2018 01:00PM ET,KC,0
WR,Ryan Switzer (11244756),Ryan Switzer,11244756,WR/FLEX,3000,KC@PIT 09/16/2018 01:00PM ET,PIT,0.8
WR,Marcus Kemp (11244814),Marcus Kemp,11244814,WR/FLEX,3000,KC@PIT 09/16/2018 01:00PM ET,KC,0
RB,Darrel Williams (11244882),Darrel Williams,11244882,RB/FLEX,3000,KC@PIT 09/16/2018 01:00PM ET,KC,0
RB,Jaylen Samuels (11244916),Jaylen Samuels,11244916,RB/FLEX,3000,KC@PIT 09/16/2018 01:00PM ET,PIT,0
WR,Andre Roberts (11244273),Andre Roberts,11244273,WR/FLEX,3000,MIA@NYJ 09/16/2018 01:00PM ET,NYJ,6.2
RB,Brandon Bolden (11244376),Brandon Bolden,11244376,RB/FLEX,3000,MIA@NYJ 09/16/2018 01:00PM ET,MIA,0
RB,Senorise Perry (11244484),Senorise Perry,11244484,RB/FLEX,3000,MIA@NYJ 09/16/2018 01:00PM ET,MIA,0
WR,Charone Peake (11244565),Charone Peake,11244565,WR/FLEX,3000,MIA@NYJ 09/16/2018 01:00PM ET,NYJ,0
WR,Tanner McEvoy (11244586),Tanner McEvoy,11244586,WR/FLEX,3000,MIA@NYJ 09/16/2018 01:00PM ET,MIA,0
RB,Elijah McGuire (11244778),Elijah McGuire,11244778,RB/FLEX,3000,MIA@NYJ 09/16/2018 01:00PM ET,NYJ,0
WR,ArDarius Stewart (11244846),ArDarius Stewart,11244846,WR/FLEX,3000,MIA@NYJ 09/16/2018 01:00PM ET,NYJ,0
RB,Trenton Cannon (11245013),Trenton Cannon,11245013,RB/FLEX,3000,MIA@NYJ 09/16/2018 01:00PM ET,NYJ,3.1
RB,Taiwan Jones (11244307),Taiwan Jones,11244307,RB/FLEX,3000,LAC@BUF 09/16/2018 01:00PM ET,BUF,0
RB,Patrick DiMarco (11244339),Patrick DiMarco,11244339,RB/FLEX,3000,LAC@BUF 09/16/2018 01:00PM ET,BUF,0
RB,Marcus Murphy (11244482),Marcus Murphy,11244482,RB/FLEX,3000,LAC@BUF 09/16/2018 01:00PM ET,BUF,3.1
WR,Geremy Davis (11244514),Geremy Davis,11244514,WR/FLEX,3000,LAC@BUF 09/16/2018 01:00PM ET,LAC,0
RB,Derek Watt (11244608),Derek Watt,11244608,RB/FLEX,3000,LAC@BUF 09/16/2018 01:00PM ET,LAC,0.1
WR,Robert Foster (11244842),Robert Foster,11244842,WR/FLEX,3000,LAC@BUF 09/16/2018 01:00PM ET,BUF,0
WR,Artavis Scott (11244904),Artavis Scott,11244904,WR/FLEX,3000,LAC@BUF 09/16/2018 01:00PM ET,LAC,0
RB,Detrez Newsome (11244922),Detrez Newsome,11244922,RB/FLEX,3000,LAC@BUF 09/16/2018 01:00PM ET,LAC,0
WR,Ray-Ray McCloud III (11244976),Ray-Ray McCloud III,11244976,WR/FLEX,3000,LAC@BUF 09/16/2018 01:00PM ET,BUF,0
WR,J.J. Jones (11245015),J.J. Jones,11245015,WR/FLEX,3000,LAC@BUF 09/16/2018 01:00PM ET,LAC,-1
WR,Trevor Davis (11244647),Trevor Davis,11244647,WR/FLEX,3000,MIN@GB 09/16/2018 01:00PM ET,GB,0
RB,Darius Jackson (11244706),Darius Jackson,11244706,RB/FLEX,3000,MIN@GB 09/16/2018 01:00PM ET,GB,0
WR,Stacy Coley (11244784),Stacy Coley,11244784,WR/FLEX,3000,MIN@GB 09/16/2018 01:00PM ET,MIN,0
WR,Marquez Valdes-Scantling (11244796),Marquez Valdes-Scantling,11244796,WR/FLEX,3000,MIN@GB 09/16/2018 01:00PM ET,GB,0
WR,J'Mon Moore (11244810),J'Mon Moore,11244810,WR/FLEX,3000,MIN@GB 09/16/2018 01:00PM ET,GB,0
RB,Roc Thomas (11244930),Roc Thomas,11244930,RB/FLEX,3000,MIN@GB 09/16/2018 01:00PM ET,MIN,0
RB,Mike Boone (11244962),Mike Boone,11244962,RB/FLEX,3000,MIN@GB 09/16/2018 01:00PM ET,MIN,0
WR,Equanimeous St. Brown (11244997),Equanimeous St. Brown,11244997,WR/FLEX,3000,MIN@GB 09/16/2018 01:00PM ET,GB,0
RB,C.J. Ham (11244999),C.J. Ham,11244999,RB/FLEX,3000,MIN@GB 09/16/2018 01:00PM ET,MIN,0
WR,Brandon Zylstra (11245001),Brandon Zylstra,11245001,WR/FLEX,3000,MIN@GB 09/16/2018 01:00PM ET,MIN,0
RB,Zach Line (11244355),Zach Line,11244355,RB/FLEX,3000,CLE@NO 09/16/2018 01:00PM ET,NO,0
WR,Tommylee Lewis (11244634),Tommylee Lewis,11244634,WR/FLEX,3000,CLE@NO 09/16/2018 01:00PM ET,NO,0
WR,Derrick Willies (11244788),Derrick Willies,11244788,WR/FLEX,3000,CLE@NO 09/16/2018 01:00PM ET,CLE,0
WR,Rashard Higgins (11244793),Rashard Higgins,11244793,WR/FLEX,3000,CLE@NO 09/16/2018 01:00PM ET,CLE,4.8
TE,David Njoku (11244912),David Njoku,11244912,TE/FLEX,3000,CLE@NO 09/16/2018 01:00PM ET,CLE,4.3
WR,Damion Ratley (11244972),Damion Ratley,11244972,WR/FLEX,3000,CLE@NO 09/16/2018 01:00PM ET,CLE,0
WR,Antonio Callaway (11244982),Antonio Callaway,11244982,WR/FLEX,3000,CLE@NO 09/16/2018 01:00PM ET,CLE,0
RB,Nick Bellore (11244305),Nick Bellore,11244305,RB/FLEX,3000,DET@SF 09/16/2018 04:05PM ET,DET,0
TE,Luke Willson (11244380),Luke Willson,11244380,TE/FLEX,3000,DET@SF 09/16/2018 04:05PM ET,DET,0
WR,Bradley Marquez (11244590),Bradley Marquez,11244590,WR/FLEX,3000,DET@SF 09/16/2018 04:05PM ET,DET,0
RB,Raheem Mostert (11244604),Raheem Mostert,11244604,RB/FLEX,3000,DET@SF 09/16/2018 04:05PM ET,SF,0
WR,Victor Bolden Jr. (11244830),Victor Bolden Jr.,11244830,WR/FLEX,3000,DET@SF 09/16/2018 04:05PM ET,SF,0
WR,Kendrick Bourne (11244848),Kendrick Bourne,11244848,WR/FLEX,3000,DET@SF 09/16/2018 04:05PM ET,SF,0
WR,Brandon Powell (11244862),Brandon Powell,11244862,WR/FLEX,3000,DET@SF 09/16/2018 04:05PM ET,DET,0
WR,Richie James Jr. (11244886),Richie James Jr.,11244886,WR/FLEX,3000,DET@SF 09/16/2018 04:05PM ET,SF,0
RB,Derrick Coleman (11244360),Derrick Coleman,11244360,RB/FLEX,3000,ARI@LAR 09/16/2018 04:05PM ET,ARI,0
RB,Justin Davis (11244750),Justin Davis,11244750,RB/FLEX,3000,ARI@LAR 09/16/2018 04:05PM ET,LAR,0
WR,Pharoh Cooper (11244812),Pharoh Cooper,11244812,WR/FLEX,3000,ARI@LAR 09/16/2018 04:05PM ET,LAR,0
WR,Josh Reynolds (11244884),Josh Reynolds,11244884,WR/FLEX,3000,ARI@LAR 09/16/2018 04:05PM ET,LAR,0
WR,Michael Thomas (11244926),Michael Thomas,11244926,WR/FLEX,3000,ARI@LAR 09/16/2018 04:05PM ET,LAR,0
WR,Trent Sherfield (11244938),Trent Sherfield,11244938,WR/FLEX,3000,ARI@LAR 09/16/2018 04:05PM ET,ARI,0
DST,Patriots  (11244190),Patriots ,11244190,DST,3000,NE@JAX 09/16/2018 04:25PM ET,NE,8
WR,Matthew Slater (11244227),Matthew Slater,11244227,WR/FLEX,3000,NE@JAX 09/16/2018 04:25PM ET,NE,0
RB,James Develin (11244293),James Develin,11244293,RB/FLEX,3000,NE@JAX 09/16/2018 04:25PM ET,NE,6.2
RB,Tommy Bohanon (11244402),Tommy Bohanon,11244402,RB/FLEX,3000,NE@JAX 09/16/2018 04:25PM ET,JAX,0
WR,Rashad Greene Sr. (11244596),Rashad Greene Sr.,11244596,WR/FLEX,3000,NE@JAX 09/16/2018 04:25PM ET,JAX,0
WR,Jaydon Mickens (11244716),Jaydon Mickens,11244716,WR/FLEX,3000,NE@JAX 09/16/2018 04:25PM ET,JAX,0
WR,Cody Hollister (11244727),Cody Hollister,11244727,WR/FLEX,3000,NE@JAX 09/16/2018 04:25PM ET,NE,0
WR,Riley McCarron (11244735),Riley McCarron,11244735,WR/FLEX,3000,NE@JAX 09/16/2018 04:25PM ET,NE,-1
WR,Chad Hansen (11244854),Chad Hansen,11244854,WR/FLEX,3000,NE@JAX 09/16/2018 04:25PM ET,NE,0
WR,Braxton Berrios (11244868),Braxton Berrios,11244868,WR/FLEX,3000,NE@JAX 09/16/2018 04:25PM ET,NE,0
WR,D.J. Chark Jr. (11244874),D.J. Chark Jr.,11244874,WR/FLEX,3000,NE@JAX 09/16/2018 04:25PM ET,JAX,0
WR,Dwayne Harris (11244269),Dwayne Harris,11244269,WR/FLEX,3000,OAK@DEN 09/16/2018 04:25PM ET,OAK,0
WR,Jordan Taylor (11244474),Jordan Taylor,11244474,WR/FLEX,3000,OAK@DEN 09/16/2018 04:25PM ET,DEN,0
RB,Keith Smith (11244516),Keith Smith,11244516,RB/FLEX,3000,OAK@DEN 09/16/2018 04:25PM ET,OAK,0
RB,DeAndre Washington (11244592),DeAndre Washington,11244592,RB/FLEX,3000,OAK@DEN 09/16/2018 04:25PM ET,OAK,0
RB,Andy Janovich (11244660),Andy Janovich,11244660,RB/FLEX,3000,OAK@DEN 09/16/2018 04:25PM ET,DEN,0
WR,Keon Hatcher (11244698),Keon Hatcher,11244698,WR/FLEX,3000,OAK@DEN 09/16/2018 04:25PM ET,OAK,0
WR,Seth Roberts (11244741),Seth Roberts,11244741,WR/FLEX,3000,OAK@DEN 09/16/2018 04:25PM ET,OAK,2.1
WR,DaeSean Hamilton (11244825),DaeSean Hamilton,11244825,WR/FLEX,3000,OAK@DEN 09/16/2018 04:25PM ET,DEN,0
WR,Isaiah McKenzie (11244890),Isaiah McKenzie,11244890,WR/FLEX,3000,OAK@DEN 09/16/2018 04:25PM ET,DEN,0
WR,Tim Patrick (11244946),Tim Patrick,11244946,WR/FLEX,3000,OAK@DEN 09/16/2018 04:25PM ET,DEN,0
RB,Jamize Olawale (11245073),Jamize Olawale,11245073,RB/FLEX,3000,NYG@DAL 09/16/2018 08:20PM ET,DAL,0
WR,Noah Brown (11245141),Noah Brown,11245141,WR/FLEX,3000,NYG@DAL 09/16/2018 08:20PM ET,DAL,0
WR,Russell Shepard (11245143),Russell Shepard,11245143,WR/FLEX,3000,NYG@DAL 09/16/2018 08:20PM ET,NYG,0
WR,Kaelin Clay (11245145),Kaelin Clay,11245145,WR/FLEX,3000,NYG@DAL 09/16/2018 08:20PM ET,NYG,-1
RB,Michael Burton (11245075),Michael Burton,11245075,RB/FLEX,3000,SEA@CHI 09/17/2018 08:15PM ET,CHI,1.6
RB,Mike Davis (11245077),Mike Davis,11245077,RB/FLEX,3000,SEA@CHI 09/17/2018 08:15PM ET,SEA,0
RB,Tre Madden (11245079),Tre Madden,11245079,RB/FLEX,3000,SEA@CHI 09/17/2018 08:15PM ET,SEA,1.7
WR,Josh Bellamy (11245147),Josh Bellamy,11245147,WR/FLEX,3000,SEA@CHI 09/17/2018 08:15PM ET,CHI,0
WR,Kevin White (11245149),Kevin White,11245149,WR/FLEX,3000,SEA@CHI 09/17/2018 08:15PM ET,CHI,0
WR,Javon Wims (11245151),Javon Wims,11245151,WR/FLEX,3000,SEA@CHI 09/17/2018 08:15PM ET,CHI,0
WR,David Moore (11245153),David Moore,11245153,WR/FLEX,3000,SEA@CHI 09/17/2018 08:15PM ET,SEA,0
DST,Panthers  (11244200),Panthers ,11244200,DST,2900,CAR@ATL 09/16/2018 01:00PM ET,CAR,12
TE,Austin Hooper (11244780),Austin Hooper,11244780,TE/FLEX,2900,CAR@ATL 09/16/2018 01:00PM ET,ATL,5.4
TE,Ian Thomas (11245005),Ian Thomas,11245005,TE/FLEX,2900,CAR@ATL 09/16/2018 01:00PM ET,CAR,2.4
TE,Ricky Seals-Jones (11244808),Ricky Seals-Jones,11244808,TE/FLEX,2900,ARI@LAR 09/16/2018 04:05PM ET,ARI,4.9
TE,Hayden Hurst (11245163),Hayden Hurst,11245163,TE/FLEX,2800,BAL@CIN 09/13/2018 08:20PM ET,BAL,0
DST,Ravens  (11245212),Ravens ,11245212,DST,2800,BAL@CIN 09/13/2018 08:20PM ET,BAL,17
TE,Cameron Brate (11244480),Cameron Brate,11244480,TE/FLEX,2800,PHI@TB 09/16/2018 01:00PM ET,TB,0
TE,Jesse James (11244662),Jesse James,11244662,TE/FLEX,2800,KC@PIT 09/16/2018 01:00PM ET,PIT,9
TE,Mike Gesicki (11244942),Mike Gesicki,11244942,TE/FLEX,2800,MIA@NYJ 09/16/2018 01:00PM ET,MIA,2.1
DST,49ers  (11244197),49ers ,11244197,DST,2800,DET@SF 09/16/2018 04:05PM ET,SF,6
TE,Tyler Higbee (11244577),Tyler Higbee,11244577,TE/FLEX,2800,ARI@LAR 09/16/2018 04:05PM ET,LAR,0
DST,Jaguars  (11244201),Jaguars ,11244201,DST,2800,NE@JAX 09/16/2018 04:25PM ET,JAX,13
TE,Ed Dickson (11245165),Ed Dickson,11245165,TE/FLEX,2800,SEA@CHI 09/17/2018 08:15PM ET,SEA,0
DST,Bears  (11245211),Bears ,11245211,DST,2800,SEA@CHI 09/17/2018 08:15PM ET,CHI,14
TE,Tyler Kroft (11245167),Tyler Kroft,11245167,TE/FLEX,2700,BAL@CIN 09/13/2018 08:20PM ET,CIN,1.9
DST,Bengals  (11245214),Bengals ,11245214,DST,2700,BAL@CIN 09/13/2018 08:20PM ET,CIN,12
DST,Falcons  (11244176),Falcons ,11244176,DST,2700,CAR@ATL 09/16/2018 01:00PM ET,ATL,7
DST,Redskins  (11244199),Redskins ,11244199,DST,2700,IND@WAS 09/16/2018 01:00PM ET,WAS,13
TE,Ryan Griffin (11244372),Ryan Griffin,11244372,TE/FLEX,2700,HOU@TEN 09/16/2018 01:00PM ET,HOU,0
TE,Dallas Goedert (11244860),Dallas Goedert,11244860,TE/FLEX,2700,PHI@TB 09/16/2018 01:00PM ET,PHI,1.4
DST,Steelers  (11244195),Steelers ,11244195,DST,2700,KC@PIT 09/16/2018 01:00PM ET,PIT,11
TE,Demetrius Harris (11244571),Demetrius Harris,11244571,TE/FLEX,2700,KC@PIT 09/16/2018 01:00PM ET,KC,0
TE,Virgil Green (11244265),Virgil Green,11244265,TE/FLEX,2700,LAC@BUF 09/16/2018 01:00PM ET,LAC,4.1
TE,Hakeem Valles (11244681),Hakeem Valles,11244681,TE/FLEX,2700,DET@SF 09/16/2018 04:05PM ET,DET,1.5
TE,Jake Butt (11244758),Jake Butt,11244758,TE/FLEX,2700,OAK@DEN 09/16/2018 04:25PM ET,DEN,4.9
DST,Giants  (11245213),Giants ,11245213,DST,2700,NYG@DAL 09/16/2018 08:20PM ET,NYG,4
TE,Mark Andrews (11245169),Mark Andrews,11245169,TE/FLEX,2600,BAL@CIN 09/13/2018 08:20PM ET,BAL,6.1
TE,Nick Boyle (11245171),Nick Boyle,11245171,TE/FLEX,2600,BAL@CIN 09/13/2018 08:20PM ET,BAL,7
DST,Texans  (11244178),Texans ,11244178,DST,2600,HOU@TEN 09/16/2018 01:00PM ET,HOU,8
TE,Jordan Akins (11244948),Jordan Akins,11244948,TE/FLEX,2600,HOU@TEN 09/16/2018 01:00PM ET,HOU,3.1
TE,Jordan Leggett (11244772),Jordan Leggett,11244772,TE/FLEX,2600,MIA@NYJ 09/16/2018 01:00PM ET,NYJ,0
TE,Antonio Gates (11244225),Antonio Gates,11244225,TE/FLEX,2600,LAC@BUF 09/16/2018 01:00PM ET,LAC,5.6
DST,Vikings  (11244189),Vikings ,11244189,DST,2600,MIN@GB 09/16/2018 01:00PM ET,MIN,18
TE,Garrett Celek (11244331),Garrett Celek,11244331,TE/FLEX,2600,DET@SF 09/16/2018 04:05PM ET,SF,0
TE,Jermaine Gresham (11244278),Jermaine Gresham,11244278,TE/FLEX,2600,ARI@LAR 09/16/2018 04:05PM ET,ARI,0
TE,Dwayne Allen (11244365),Dwayne Allen,11244365,TE/FLEX,2600,NE@JAX 09/16/2018 04:25PM ET,NE,0
DST,Seahawks  (11245215),Seahawks ,11245215,DST,2600,SEA@CHI 09/17/2018 08:15PM ET,SEA,7
TE,C.J. Uzomah (11245173),C.J. Uzomah,11245173,TE/FLEX,2500,BAL@CIN 09/13/2018 08:20PM ET,CIN,1.4
TE,Clark Harris (11245175),Clark Harris,11245175,TE/FLEX,2500,BAL@CIN 09/13/2018 08:20PM ET,CIN,0
TE,Mason Schreck (11245177),Mason Schreck,11245177,TE/FLEX,2500,BAL@CIN 09/13/2018 08:20PM ET,CIN,0
TE,Maxx Williams (11245179),Maxx Williams,11245179,TE/FLEX,2500,BAL@CIN 09/13/2018 08:20PM ET,BAL,6.2
TE,Darren Waller (11245181),Darren Waller,11245181,TE/FLEX,2500,BAL@CIN 09/13/2018 08:20PM ET,BAL,0
TE,Logan Paulsen (11244255),Logan Paulsen,11244255,TE/FLEX,2500,CAR@ATL 09/16/2018 01:00PM ET,ATL,0
TE,Chris Manhertz (11244527),Chris Manhertz,11244527,TE/FLEX,2500,CAR@ATL 09/16/2018 01:00PM ET,CAR,0
TE,Eric Saubert (11244712),Eric Saubert,11244712,TE/FLEX,2500,CAR@ATL 09/16/2018 01:00PM ET,ATL,0
TE,Ryan Hewitt (11244417),Ryan Hewitt,11244417,TE/FLEX,2500,IND@WAS 09/16/2018 01:00PM ET,IND,0
TE,Erik Swoope (11244472),Erik Swoope,11244472,TE/FLEX,2500,IND@WAS 09/16/2018 01:00PM ET,IND,2.3
TE,Jeremy Sprinkle (11244700),Jeremy Sprinkle,11244700,TE/FLEX,2500,IND@WAS 09/16/2018 01:00PM ET,WAS,0
TE,Luke Stocker (11244282),Luke Stocker,11244282,TE/FLEX,2500,HOU@TEN 09/16/2018 01:00PM ET,TEN,5.7
TE,Beau Brinkley (11244363),Beau Brinkley,11244363,TE/FLEX,2500,HOU@TEN 09/16/2018 01:00PM ET,TEN,0
TE,Anthony Firkser (11244850),Anthony Firkser,11244850,TE/FLEX,2500,HOU@TEN 09/16/2018 01:00PM ET,TEN,0
TE,Jordan Thomas (11245003),Jordan Thomas,11245003,TE/FLEX,2500,HOU@TEN 09/16/2018 01:00PM ET,HOU,3.7
TE,Richard Rodgers (11244625),Richard Rodgers,11244625,TE/FLEX,2500,PHI@TB 09/16/2018 01:00PM ET,PHI,0
TE,Joshua Perkins (11244632),Joshua Perkins,11244632,TE/FLEX,2500,PHI@TB 09/16/2018 01:00PM ET,PHI,0
TE,Alan Cross (11244645),Alan Cross,11244645,TE/FLEX,2500,PHI@TB 09/16/2018 01:00PM ET,TB,0
TE,Antony Auclair (11245009),Antony Auclair,11245009,TE/FLEX,2500,PHI@TB 09/16/2018 01:00PM ET,TB,0
TE,James Winchester (11244391),James Winchester,11244391,TE/FLEX,2500,KC@PIT 09/16/2018 01:00PM ET,KC,0
TE,Xavier Grimble (11244491),Xavier Grimble,11244491,TE/FLEX,2500,KC@PIT 09/16/2018 01:00PM ET,PIT,0
TE,Alex Ellis (11244617),Alex Ellis,11244617,TE/FLEX,2500,KC@PIT 09/16/2018 01:00PM ET,KC,0
DST,Jets  (11244192),Jets ,11244192,DST,2500,MIA@NYJ 09/16/2018 01:00PM ET,NYJ,26
TE,Gavin Escobar (11244432),Gavin Escobar,11244432,TE/FLEX,2500,MIA@NYJ 09/16/2018 01:00PM ET,MIA,0
TE,A.J. Derby (11244463),A.J. Derby,11244463,TE/FLEX,2500,MIA@NYJ 09/16/2018 01:00PM ET,MIA,0
TE,Eric Tomlinson (11244486),Eric Tomlinson,11244486,TE/FLEX,2500,MIA@NYJ 09/16/2018 01:00PM ET,NYJ,1.7
TE,Neal Sterling (11244488),Neal Sterling,11244488,TE/FLEX,2500,MIA@NYJ 09/16/2018 01:00PM ET,NYJ,5.7
TE,Durham Smythe (11244836),Durham Smythe,11244836,TE/FLEX,2500,MIA@NYJ 09/16/2018 01:00PM ET,MIA,0
TE,Chris Herndon (11244910),Chris Herndon,11244910,TE/FLEX,2500,MIA@NYJ 09/16/2018 01:00PM ET,NYJ,0
TE,Logan Thomas (11244430),Logan Thomas,11244430,TE/FLEX,2500,LAC@BUF 09/16/2018 01:00PM ET,BUF,3.4
TE,Sean Culkin (11244675),Sean Culkin,11244675,TE/FLEX,2500,LAC@BUF 09/16/2018 01:00PM ET,LAC,0
TE,Jason Croom (11244677),Jason Croom,11244677,TE/FLEX,2500,LAC@BUF 09/16/2018 01:00PM ET,BUF,3.8
TE,Hunter Henry (11244804),Hunter Henry,11244804,TE/FLEX,2500,LAC@BUF 09/16/2018 01:00PM ET,LAC,0
TE,Khari Lee (11244964),Khari Lee,11244964,TE/FLEX,2500,LAC@BUF 09/16/2018 01:00PM ET,BUF,0
DST,Packers  (11244182),Packers ,11244182,DST,2500,MIN@GB 09/16/2018 01:00PM ET,GB,7
TE,Marcedes Lewis (11244212),Marcedes Lewis,11244212,TE/FLEX,2500,MIN@GB 09/16/2018 01:00PM ET,GB,0
TE,Lance Kendricks (11244275),Lance Kendricks,11244275,TE/FLEX,2500,MIN@GB 09/16/2018 01:00PM ET,GB,2.3
TE,Kevin McDermott (11244367),Kevin McDermott,11244367,TE/FLEX,2500,MIN@GB 09/16/2018 01:00PM ET,MIN,0
TE,David Morgan (11244640),David Morgan,11244640,TE/FLEX,2500,MIN@GB 09/16/2018 01:00PM ET,MIN,1.9
TE,Robert Tonyan (11244671),Robert Tonyan,11244671,TE/FLEX,2500,MIN@GB 09/16/2018 01:00PM ET,GB,0
TE,Josiah Price (11244725),Josiah Price,11244725,TE/FLEX,2500,MIN@GB 09/16/2018 01:00PM ET,MIN,0
TE,Tyler Conklin (11244968),Tyler Conklin,11244968,TE/FLEX,2500,MIN@GB 09/16/2018 01:00PM ET,MIN,1.6
TE,Darren Fells (11244242),Darren Fells,11244242,TE/FLEX,2500,CLE@NO 09/16/2018 01:00PM ET,CLE,2.2
TE,Josh Hill (11244389),Josh Hill,11244389,TE/FLEX,2500,CLE@NO 09/16/2018 01:00PM ET,NO,2.5
TE,Orson Charles (11244447),Orson Charles,11244447,TE/FLEX,2500,CLE@NO 09/16/2018 01:00PM ET,CLE,0
TE,Seth DeValve (11244651),Seth DeValve,11244651,TE/FLEX,2500,CLE@NO 09/16/2018 01:00PM ET,CLE,0
TE,Dan Arnold (11245011),Dan Arnold,11245011,TE/FLEX,2500,CLE@NO 09/16/2018 01:00PM ET,NO,0
TE,Kyle Nelson (11244271),Kyle Nelson,11244271,TE/FLEX,2500,DET@SF 09/16/2018 04:05PM ET,SF,0
TE,Levine Toilolo (11244420),Levine Toilolo,11244420,TE/FLEX,2500,DET@SF 09/16/2018 04:05PM ET,DET,1.7
TE,Cole Wick (11244743),Cole Wick,11244743,TE/FLEX,2500,DET@SF 09/16/2018 04:05PM ET,SF,0
TE,Michael Roberts (11244832),Michael Roberts,11244832,TE/FLEX,2500,DET@SF 09/16/2018 04:05PM ET,DET,0
TE,Gabe Holmes (11244426),Gabe Holmes,11244426,TE/FLEX,2500,ARI@LAR 09/16/2018 04:05PM ET,ARI,0
TE,Johnny Mundt (11244786),Johnny Mundt,11244786,TE/FLEX,2500,ARI@LAR 09/16/2018 04:05PM ET,LAR,0
TE,Gerald Everett (11244952),Gerald Everett,11244952,TE/FLEX,2500,ARI@LAR 09/16/2018 04:05PM ET,LAR,0
TE,Niles Paul (11244335),Niles Paul,11244335,TE/FLEX,2500,NE@JAX 09/16/2018 04:25PM ET,JAX,0
TE,James O'Shaughnessy (11244476),James O'Shaughnessy,11244476,TE/FLEX,2500,NE@JAX 09/16/2018 04:25PM ET,JAX,0
TE,Jacob Hollister (11244729),Jacob Hollister,11244729,TE/FLEX,2500,NE@JAX 09/16/2018 04:25PM ET,NE,0
TE,Andrew DePaola (11244259),Andrew DePaola,11244259,TE/FLEX,2500,OAK@DEN 09/16/2018 04:25PM ET,OAK,0
TE,Lee Smith (11244280),Lee Smith,11244280,TE/FLEX,2500,OAK@DEN 09/16/2018 04:25PM ET,OAK,0
TE,Jeff Heuerman (11244551),Jeff Heuerman,11244551,TE/FLEX,2500,OAK@DEN 09/16/2018 04:25PM ET,DEN,2.5
TE,Matt LaCosse (11244602),Matt LaCosse,11244602,TE/FLEX,2500,OAK@DEN 09/16/2018 04:25PM ET,DEN,0
TE,Derek Carrier (11244667),Derek Carrier,11244667,TE/FLEX,2500,OAK@DEN 09/16/2018 04:25PM ET,OAK,4
TE,Dalton Schultz (11245183),Dalton Schultz,11245183,TE/FLEX,2500,NYG@DAL 09/16/2018 08:20PM ET,DAL,0
TE,Geoff Swaim (11245185),Geoff Swaim,11245185,TE/FLEX,2500,NYG@DAL 09/16/2018 08:20PM ET,DAL,4.8
TE,Rico Gathers (11245187),Rico Gathers,11245187,TE/FLEX,2500,NYG@DAL 09/16/2018 08:20PM ET,DAL,0
TE,Blake Jarwin (11245189),Blake Jarwin,11245189,TE/FLEX,2500,NYG@DAL 09/16/2018 08:20PM ET,DAL,0
TE,Shane Smith (11245191),Shane Smith,11245191,TE/FLEX,2500,NYG@DAL 09/16/2018 08:20PM ET,NYG,0
TE,Scott Simonson (11245193),Scott Simonson,11245193,TE/FLEX,2500,NYG@DAL 09/16/2018 08:20PM ET,NYG,0
TE,Rhett Ellison (11245195),Rhett Ellison,11245195,TE/FLEX,2500,NYG@DAL 09/16/2018 08:20PM ET,NYG,2.6
DST,Cowboys  (11245216),Cowboys ,11245216,DST,2500,NYG@DAL 09/16/2018 08:20PM ET,DAL,6
TE,Ben Braunecker (11245197),Ben Braunecker,11245197,TE/FLEX,2500,SEA@CHI 09/17/2018 08:15PM ET,CHI,0
TE,Daniel Brown (11245199),Daniel Brown,11245199,TE/FLEX,2500,SEA@CHI 09/17/2018 08:15PM ET,CHI,0
TE,Patrick Scales (11245201),Patrick Scales,11245201,TE/FLEX,2500,SEA@CHI 09/17/2018 08:15PM ET,CHI,0
TE,Dion Sims (11245203),Dion Sims,11245203,TE/FLEX,2500,SEA@CHI 09/17/2018 08:15PM ET,CHI,2.9
TE,Nick Vannett (11245205),Nick Vannett,11245205,TE/FLEX,2500,SEA@CHI 09/17/2018 08:15PM ET,SEA,2.1
TE,Darrell Daniels (11245207),Darrell Daniels,11245207,TE/FLEX,2500,SEA@CHI 09/17/2018 08:15PM ET,SEA,0
TE,Tyler Ott (11245209),Tyler Ott,11245209,TE/FLEX,2500,SEA@CHI 09/17/2018 08:15PM ET,SEA,0
DST,Titans  (11244183),Titans ,11244183,DST,2400,HOU@TEN 09/16/2018 01:00PM ET,TEN,11
DST,Colts  (11244184),Colts ,11244184,DST,2300,IND@WAS 09/16/2018 01:00PM ET,IND,5
DST,Lions  (11244181),Lions ,11244181,DST,2300,DET@SF 09/16/2018 04:05PM ET,DET,8
DST,Raiders  (11244186),Raiders ,11244186,DST,2300,OAK@DEN 09/16/2018 04:25PM ET,OAK,1
DST,Buccaneers  (11244198),Buccaneers ,11244198,DST,2200,PHI@TB 09/16/2018 01:00PM ET,TB,7
DST,Chiefs  (11244185),Chiefs ,11244185,DST,2200,KC@PIT 09/16/2018 01:00PM ET,KC,10
DST,Bills  (11244177),Bills ,11244177,DST,2100,LAC@BUF 09/16/2018 01:00PM ET,BUF,0
DST,Cardinals  (11244194),Cardinals ,11244194,DST,2100,ARI@LAR 09/16/2018 04:05PM ET,ARI,5
DST,Browns  (11244179),Browns ,11244179,DST,2000,CLE@NO 09/16/2018 01:00PM ET,CLE,16
